dataset,feature_setting,explainer,model,node_id,true_label,original_pred_label,original_prob_illicit,saved_pred_prob_illicit,wrapped_pred_label,wrapped_matches_full_prediction,deletion_pred_label,deletion_prob_illicit,deletion_drop,deletion_label_flip,insertion_pred_label,insertion_prob_illicit,insertion_gap,insertion_preservation,num_ego_nodes,num_ego_edges,num_explanation_nodes,num_explanation_edges,sparsity_nodes,sparsity_edges,explanation_original_nodes,explanation_original_edge_pairs
Elliptic,tx+agg,DGL_SubgraphX,graphsage,29912,0,0,0.9979548454284668,0.9979548454284668,0,True,0,0.9977865219116211,0.00016832351684570312,0,0,0.9981188178062439,-0.0001639723777770996,1,11,21,3,5,0.7272727272727273,0.7619047619047619,"[29911, 29912, 31028]","[[29911, 29912], [31028, 29912], [29911, 29911], [29912, 29912], [31028, 31028]]"
Elliptic,tx+agg,DGL_SubgraphX,graphsage,18323,0,0,0.978538453578949,0.978538453578949,0,True,0,0.9782052636146545,0.0003331899642944336,0,0,0.9078128933906555,0.07072556018829346,1,6,11,2,3,0.6666666666666667,0.7272727272727273,"[18322, 18323]","[[18322, 18323], [18322, 18322], [18323, 18323]]"
Elliptic,tx+agg,DGL_SubgraphX,graphsage,18903,0,0,0.9452780485153198,0.9452780485153198,0,True,0,0.9452780485153198,0.0,0,0,0.9011226892471313,0.04415535926818848,1,27,53,1,1,0.962962962962963,0.981132075471698,[19065],"[[19065, 19065]]"
Elliptic,tx+agg,DGL_SubgraphX,graphsage,19539,0,0,0.9240140318870544,0.9240140318870544,0,True,0,0.9240140318870544,0.0,0,0,0.8498275876045227,0.07418644428253174,1,21,41,1,1,0.9523809523809524,0.975609756097561,[19784],"[[19784, 19784]]"
Elliptic,tx+agg,DGL_SubgraphX,graphsage,18018,0,0,0.6566475629806519,0.6566475629806519,0,True,0,0.6681939959526062,-0.011546432971954346,0,1,0.1697193682193756,0.48692819476127625,0,6,11,2,3,0.6666666666666667,0.7272727272727273,"[18268, 18847]","[[18847, 18268], [18268, 18268], [18847, 18847]]"
Elliptic,tx+agg,DGL_SubgraphX,graphsage,24239,0,0,0.6114597320556641,0.6114597320556641,0,True,0,0.623156726360321,-0.011696994304656982,0,0,0.5480914115905762,0.06336832046508789,1,21,41,2,3,0.9047619047619048,0.926829268292683,"[24226, 24227]","[[24226, 24227], [24226, 24226], [24227, 24227]]"
Elliptic,tx+agg,DGL_SubgraphX,graphsage,17047,0,0,0.6039035320281982,0.6039035320281982,0,True,0,0.6039035320281982,0.0,0,0,0.6975749135017395,-0.09367138147354126,1,6,11,1,1,0.8333333333333334,0.9090909090909092,[17047],"[[17047, 17047]]"
Elliptic,tx+agg,DGL_SubgraphX,graphsage,24361,0,0,0.6021302938461304,0.6021302938461304,0,True,1,0.1060604453086853,0.49606984853744507,1,0,0.9778539538383484,-0.375723659992218,1,5,9,2,3,0.6,0.6666666666666667,"[24361, 24554]","[[24554, 24361], [24361, 24361], [24554, 24554]]"
Elliptic,tx+agg,DGL_SubgraphX,graphsage,24318,0,0,0.557301938533783,0.557301938533783,0,True,0,0.6134315729141235,-0.056129634380340576,0,1,0.38021278381347656,0.1770891547203064,0,7,13,3,5,0.5714285714285714,0.6153846153846154,"[24202, 24317, 24318]","[[24317, 24318], [24202, 24318], [24202, 24202], [24317, 24317], [24318, 24318]]"
